access_current_state_bundle_20260422_054219	baseline_items_tsv	/data/data/com.termux/files/home/03.civilization-development/09.CX22073JW/exports/access-current-state-bundle/20260422_054219/021_baseline_items.tsv	2026-04-21 20:42:30.730653+00
access_current_state_bundle_20260422_054219	baseline_summary_tsv	/data/data/com.termux/files/home/03.civilization-development/09.CX22073JW/exports/access-current-state-bundle/20260422_054219/020_baseline_summary.tsv	2026-04-21 20:42:30.367963+00
access_current_state_bundle_20260422_054219	confirmed_reverify_items_tsv	/data/data/com.termux/files/home/03.civilization-development/09.CX22073JW/exports/access-current-state-bundle/20260422_054219/061_confirmed_reverify_items.tsv	2026-04-21 20:42:34.097279+00
access_current_state_bundle_20260422_054219	confirmed_reverify_summary_tsv	/data/data/com.termux/files/home/03.civilization-development/09.CX22073JW/exports/access-current-state-bundle/20260422_054219/060_confirmed_reverify_summary.tsv	2026-04-21 20:42:33.695645+00
access_current_state_bundle_20260422_054219	handoff_md	/data/data/com.termux/files/home/03.civilization-development/09.CX22073JW/exports/access-current-state-bundle/20260422_054219/070_current_state_handoff.md	2026-04-21 20:42:34.462305+00
access_current_state_bundle_20260422_054219	legacy_gate_blockers_tsv	/data/data/com.termux/files/home/03.civilization-development/09.CX22073JW/exports/access-current-state-bundle/20260422_054219/031_legacy_gate_blockers.tsv	2026-04-21 20:42:31.555696+00
access_current_state_bundle_20260422_054219	legacy_gate_summary_tsv	/data/data/com.termux/files/home/03.civilization-development/09.CX22073JW/exports/access-current-state-bundle/20260422_054219/030_legacy_gate_summary.tsv	2026-04-21 20:42:31.207605+00
access_current_state_bundle_20260422_054219	manifest	/data/data/com.termux/files/home/03.civilization-development/09.CX22073JW/exports/access-current-state-bundle/20260422_054219/000_manifest.md	2026-04-21 20:42:29.654473+00
access_current_state_bundle_20260422_054219	manual_pending_summary_tsv	/data/data/com.termux/files/home/03.civilization-development/09.CX22073JW/exports/access-current-state-bundle/20260422_054219/050_manual_pending_summary.tsv	2026-04-21 20:42:32.785627+00
access_current_state_bundle_20260422_054219	manual_receipt_items_tsv	/data/data/com.termux/files/home/03.civilization-development/09.CX22073JW/exports/access-current-state-bundle/20260422_054219/051_manual_receipt_items.tsv	2026-04-21 20:42:33.2611+00
access_current_state_bundle_20260422_054219	retirement_plan_items_tsv	/data/data/com.termux/files/home/03.civilization-development/09.CX22073JW/exports/access-current-state-bundle/20260422_054219/041_retirement_plan_items.tsv	2026-04-21 20:42:32.420501+00
access_current_state_bundle_20260422_054219	retirement_plan_summary_tsv	/data/data/com.termux/files/home/03.civilization-development/09.CX22073JW/exports/access-current-state-bundle/20260422_054219/040_retirement_plan_summary.tsv	2026-04-21 20:42:31.940858+00
access_current_state_bundle_20260422_054219	summary_json	/data/data/com.termux/files/home/03.civilization-development/09.CX22073JW/exports/access-current-state-bundle/20260422_054219/010_summary.json	2026-04-21 20:42:30.01984+00
