script	/data/data/com.termux/files/home/03.civilization-development/09.CX22073JW/scripts/000_apply_cx22073jw_full_reset_and_rebuild.sh	20208
script	/data/data/com.termux/files/home/03.civilization-development/09.CX22073JW/scripts/000_apply_cx22073jw_persona_full_reset_and_rebuild.sh	46016
script	/data/data/com.termux/files/home/03.civilization-development/09.CX22073JW/scripts/001_verify_cx22073jw.sh	986
script	/data/data/com.termux/files/home/03.civilization-development/09.CX22073JW/scripts/001_verify_cx22073jw_persona.sh	1645
script	/data/data/com.termux/files/home/03.civilization-development/09.CX22073JW/scripts/002_apply_cx22073jw_priority_30_33_additive.sh	31437
script	/data/data/com.termux/files/home/03.civilization-development/09.CX22073JW/scripts/003_verify_cx22073jw_priority_30_33.sh	2233
script	/data/data/com.termux/files/home/03.civilization-development/09.CX22073JW/scripts/004_apply_cx22073jw_candidate_area_registry_additive.sh	47597
script	/data/data/com.termux/files/home/03.civilization-development/09.CX22073JW/scripts/005_verify_cx22073jw_candidate_area_registry.sh	1682
script	/data/data/com.termux/files/home/03.civilization-development/09.CX22073JW/scripts/006_apply_cx22073jw_official_prepare_queue_additive.sh	17021
script	/data/data/com.termux/files/home/03.civilization-development/09.CX22073JW/scripts/007_verify_cx22073jw_official_prepare_queue.sh	2163
script	/data/data/com.termux/files/home/03.civilization-development/09.CX22073JW/scripts/008_apply_cx22073jw_generation_registry_additive.sh	22936
script	/data/data/com.termux/files/home/03.civilization-development/09.CX22073JW/scripts/009_verify_cx22073jw_generation_registry.sh	1995
script	/data/data/com.termux/files/home/03.civilization-development/09.CX22073JW/scripts/010_apply_cx22073jw_phase1_skeleton_apply_runner.sh	13056
script	/data/data/com.termux/files/home/03.civilization-development/09.CX22073JW/scripts/011_verify_cx22073jw_phase1_skeleton_apply_runner.sh	2781
script	/data/data/com.termux/files/home/03.civilization-development/09.CX22073JW/scripts/012_apply_cx22073jw_exact_contract_registry_additive.sh	29487
script	/data/data/com.termux/files/home/03.civilization-development/09.CX22073JW/scripts/013_verify_cx22073jw_exact_contract_registry.sh	1986
script	/data/data/com.termux/files/home/03.civilization-development/09.CX22073JW/scripts/014_apply_cx22073jw_exact_payload_check_functions_additive.sh	18107
script	/data/data/com.termux/files/home/03.civilization-development/09.CX22073JW/scripts/015_verify_cx22073jw_exact_payload_check_functions.sh	2139
script	/data/data/com.termux/files/home/03.civilization-development/09.CX22073JW/scripts/016_apply_cx22073jw_sample_seed_and_contract_test_runtime.sh	18255
script	/data/data/com.termux/files/home/03.civilization-development/09.CX22073JW/scripts/017_verify_cx22073jw_sample_seed_and_contract_test_runtime.sh	1865
script	/data/data/com.termux/files/home/03.civilization-development/09.CX22073JW/scripts/018_apply_cx22073jw_readiness_gate_runtime.sh	22590
script	/data/data/com.termux/files/home/03.civilization-development/09.CX22073JW/scripts/019_verify_cx22073jw_readiness_gate_runtime.sh	1022
script	/data/data/com.termux/files/home/03.civilization-development/09.CX22073JW/scripts/020_apply_cx22073jw_staticart_exact_knowledge_transfer_registry.sh	32593
script	/data/data/com.termux/files/home/03.civilization-development/09.CX22073JW/scripts/021_verify_cx22073jw_staticart_exact_knowledge_transfer_registry.sh	1400
script	/data/data/com.termux/files/home/03.civilization-development/09.CX22073JW/scripts/022_apply_cx22073jw_staticart_minimum_first_send_bridge.sh	23012
script	/data/data/com.termux/files/home/03.civilization-development/09.CX22073JW/scripts/023_verify_cx22073jw_staticart_minimum_first_send_bridge.sh	1480
script	/data/data/com.termux/files/home/03.civilization-development/09.CX22073JW/scripts/024_apply_cx22073jw_staticart_knowledge_pack_sample_runtime.sh	28215
script	/data/data/com.termux/files/home/03.civilization-development/09.CX22073JW/scripts/025_verify_cx22073jw_staticart_knowledge_pack_sample_runtime.sh	1949
script	/data/data/com.termux/files/home/03.civilization-development/09.CX22073JW/scripts/026_apply_cx22073jw_staticart_contract_remediation_bundle.sh	18354
script	/data/data/com.termux/files/home/03.civilization-development/09.CX22073JW/scripts/027_verify_cx22073jw_staticart_contract_remediation_bundle.sh	1642
script	/data/data/com.termux/files/home/03.civilization-development/09.CX22073JW/scripts/028_apply_cx22073jw_staticart_fixed_contract_release.sh	24022
script	/data/data/com.termux/files/home/03.civilization-development/09.CX22073JW/scripts/029_verify_cx22073jw_staticart_fixed_contract_release.sh	999
script	/data/data/com.termux/files/home/03.civilization-development/09.CX22073JW/scripts/030_apply_cx22073jw_staticart_handoff_manifest_export_runner.sh	17875
script	/data/data/com.termux/files/home/03.civilization-development/09.CX22073JW/scripts/031_verify_cx22073jw_staticart_handoff_manifest_export_runner.sh	2755
script	/data/data/com.termux/files/home/03.civilization-development/09.CX22073JW/scripts/032_apply_cx22073jw_staticart_delivery_closeout_runner.sh	11252
script	/data/data/com.termux/files/home/03.civilization-development/09.CX22073JW/scripts/033_verify_cx22073jw_staticart_delivery_closeout_runner.sh	1772
script	/data/data/com.termux/files/home/03.civilization-development/09.CX22073JW/scripts/034_apply_cx22073jw_staticart_final_handoff_package_runner.sh	10745
script	/data/data/com.termux/files/home/03.civilization-development/09.CX22073JW/scripts/035_verify_cx22073jw_staticart_final_handoff_package_runner.sh	1926
script	/data/data/com.termux/files/home/03.civilization-development/09.CX22073JW/scripts/036_apply_cx22073jw_staticart_final_completion_certificate.sh	12660
script	/data/data/com.termux/files/home/03.civilization-development/09.CX22073JW/scripts/037_verify_cx22073jw_staticart_final_completion_certificate.sh	1678
script	/data/data/com.termux/files/home/03.civilization-development/09.CX22073JW/scripts/038_apply_cx22073jw_staticart_resume_pack_runner.sh	11469
script	/data/data/com.termux/files/home/03.civilization-development/09.CX22073JW/scripts/039_verify_cx22073jw_staticart_resume_pack_runner.sh	1334
script	/data/data/com.termux/files/home/03.civilization-development/09.CX22073JW/scripts/040_apply_cx22073jw_access_view_family_governance_bootstrap.sh	61076
script	/data/data/com.termux/files/home/03.civilization-development/09.CX22073JW/scripts/040_apply_cx22073jw_access_view_family_governance_bootstrap.sh.bak_access_normalize	61076
script	/data/data/com.termux/files/home/03.civilization-development/09.CX22073JW/scripts/040_apply_cx22073jw_access_view_family_governance_bootstrap.sh.bak_access_patch_03	61076
script	/data/data/com.termux/files/home/03.civilization-development/09.CX22073JW/scripts/040_apply_cx22073jw_access_view_family_governance_bootstrap.sh.bak_access_view_patch	61076
script	/data/data/com.termux/files/home/03.civilization-development/09.CX22073JW/scripts/041_verify_cx22073jw_access_view_family_governance_bootstrap.sh	1924
script	/data/data/com.termux/files/home/03.civilization-development/09.CX22073JW/scripts/041_verify_cx22073jw_access_view_family_governance_bootstrap.sh.bak_access_patch_03	1924
script	/data/data/com.termux/files/home/03.civilization-development/09.CX22073JW/scripts/041_verify_cx22073jw_access_view_family_governance_bootstrap.sh.bak_access_view_patch	1924
script	/data/data/com.termux/files/home/03.civilization-development/09.CX22073JW/scripts/042_apply_cx22073jw_access_actual_view_registry_and_grant_skeleton.sh	40919
script	/data/data/com.termux/files/home/03.civilization-development/09.CX22073JW/scripts/042_apply_cx22073jw_access_actual_view_registry_and_grant_skeleton.sh.bak_access_normalize	40919
script	/data/data/com.termux/files/home/03.civilization-development/09.CX22073JW/scripts/042_apply_cx22073jw_access_actual_view_registry_and_grant_skeleton.sh.bak_access_patch_03	40919
script	/data/data/com.termux/files/home/03.civilization-development/09.CX22073JW/scripts/042_apply_cx22073jw_access_actual_view_registry_and_grant_skeleton.sh.bak_access_view_patch	40919
script	/data/data/com.termux/files/home/03.civilization-development/09.CX22073JW/scripts/043_verify_cx22073jw_access_actual_view_registry_and_grant_skeleton.sh	2377
script	/data/data/com.termux/files/home/03.civilization-development/09.CX22073JW/scripts/043_verify_cx22073jw_access_actual_view_registry_and_grant_skeleton.sh.bak_access_patch_03	2377
script	/data/data/com.termux/files/home/03.civilization-development/09.CX22073JW/scripts/043_verify_cx22073jw_access_actual_view_registry_and_grant_skeleton.sh.bak_access_view_patch	2377
script	/data/data/com.termux/files/home/03.civilization-development/09.CX22073JW/scripts/044_apply_cx22073jw_access_stub_view_generation.sh	12848
script	/data/data/com.termux/files/home/03.civilization-development/09.CX22073JW/scripts/044_apply_cx22073jw_access_stub_view_generation.sh.bak_access_normalize	12848
script	/data/data/com.termux/files/home/03.civilization-development/09.CX22073JW/scripts/044_apply_cx22073jw_access_stub_view_generation.sh.bak_access_patch_03	12848
script	/data/data/com.termux/files/home/03.civilization-development/09.CX22073JW/scripts/044_apply_cx22073jw_access_stub_view_generation.sh.bak_access_view_patch	12848
script	/data/data/com.termux/files/home/03.civilization-development/09.CX22073JW/scripts/045_verify_cx22073jw_access_stub_view_generation.sh	1775
script	/data/data/com.termux/files/home/03.civilization-development/09.CX22073JW/scripts/045_verify_cx22073jw_access_stub_view_generation.sh.bak_access_view_patch	1775
script	/data/data/com.termux/files/home/03.civilization-development/09.CX22073JW/scripts/046_apply_cx22073jw_access_grant_export_and_stub_smoke.sh	24328
script	/data/data/com.termux/files/home/03.civilization-development/09.CX22073JW/scripts/046_apply_cx22073jw_access_grant_export_and_stub_smoke.sh.bak_access_normalize	24328
script	/data/data/com.termux/files/home/03.civilization-development/09.CX22073JW/scripts/046_apply_cx22073jw_access_grant_export_and_stub_smoke.sh.bak_access_patch_03	24328
script	/data/data/com.termux/files/home/03.civilization-development/09.CX22073JW/scripts/046_apply_cx22073jw_access_grant_export_and_stub_smoke.sh.bak_access_view_patch	24328
script	/data/data/com.termux/files/home/03.civilization-development/09.CX22073JW/scripts/047_verify_cx22073jw_access_grant_export_and_stub_smoke.sh	3209
script	/data/data/com.termux/files/home/03.civilization-development/09.CX22073JW/scripts/047_verify_cx22073jw_access_grant_export_and_stub_smoke.sh.bak_access_view_patch	3209
script	/data/data/com.termux/files/home/03.civilization-development/09.CX22073JW/scripts/048_apply_cx22073jw_access_access_bundle_and_activation_skeleton.sh	12368
script	/data/data/com.termux/files/home/03.civilization-development/09.CX22073JW/scripts/048_apply_cx22073jw_access_access_bundle_and_activation_skeleton.sh.bak_access_normalize	12368
script	/data/data/com.termux/files/home/03.civilization-development/09.CX22073JW/scripts/048_apply_cx22073jw_access_access_bundle_and_activation_skeleton.sh.bak_access_patch_03	12368
script	/data/data/com.termux/files/home/03.civilization-development/09.CX22073JW/scripts/048_apply_cx22073jw_access_access_bundle_and_activation_skeleton.sh.bak_access_view_patch	12368
script	/data/data/com.termux/files/home/03.civilization-development/09.CX22073JW/scripts/049_verify_cx22073jw_access_access_bundle_and_activation_skeleton.sh	1763
script	/data/data/com.termux/files/home/03.civilization-development/09.CX22073JW/scripts/049_verify_cx22073jw_access_access_bundle_and_activation_skeleton.sh.bak_access_view_patch	1763
script	/data/data/com.termux/files/home/03.civilization-development/09.CX22073JW/scripts/050_apply_cx22073jw_access_activation_request_compiler.sh	10252
script	/data/data/com.termux/files/home/03.civilization-development/09.CX22073JW/scripts/050_apply_cx22073jw_access_activation_request_compiler.sh.bak_access_normalize	10252
script	/data/data/com.termux/files/home/03.civilization-development/09.CX22073JW/scripts/050_apply_cx22073jw_access_activation_request_compiler.sh.bak_access_patch_03	10252
script	/data/data/com.termux/files/home/03.civilization-development/09.CX22073JW/scripts/050_apply_cx22073jw_access_activation_request_compiler.sh.bak_access_view_patch	10252
script	/data/data/com.termux/files/home/03.civilization-development/09.CX22073JW/scripts/051_verify_cx22073jw_access_activation_request_compiler.sh	1212
script	/data/data/com.termux/files/home/03.civilization-development/09.CX22073JW/scripts/051_verify_cx22073jw_access_activation_request_compiler.sh.bak_access_patch_03	1212
script	/data/data/com.termux/files/home/03.civilization-development/09.CX22073JW/scripts/051_verify_cx22073jw_access_activation_request_compiler.sh.bak_access_view_patch	1212
script	/data/data/com.termux/files/home/03.civilization-development/09.CX22073JW/scripts/052_apply_cx22073jw_access_rank_scope_gate_intersection_evaluator.sh	20139
script	/data/data/com.termux/files/home/03.civilization-development/09.CX22073JW/scripts/052_apply_cx22073jw_access_rank_scope_gate_intersection_evaluator.sh.bak_access_normalize	20139
script	/data/data/com.termux/files/home/03.civilization-development/09.CX22073JW/scripts/052_apply_cx22073jw_access_rank_scope_gate_intersection_evaluator.sh.bak_access_patch_03	20139
script	/data/data/com.termux/files/home/03.civilization-development/09.CX22073JW/scripts/052_apply_cx22073jw_access_rank_scope_gate_intersection_evaluator.sh.bak_access_view_patch	20139
script	/data/data/com.termux/files/home/03.civilization-development/09.CX22073JW/scripts/053_verify_cx22073jw_access_rank_scope_gate_intersection_evaluator.sh	1642
script	/data/data/com.termux/files/home/03.civilization-development/09.CX22073JW/scripts/053_verify_cx22073jw_access_rank_scope_gate_intersection_evaluator.sh.bak_access_patch_03	1642
script	/data/data/com.termux/files/home/03.civilization-development/09.CX22073JW/scripts/053_verify_cx22073jw_access_rank_scope_gate_intersection_evaluator.sh.bak_access_view_patch	1642
script	/data/data/com.termux/files/home/03.civilization-development/09.CX22073JW/scripts/054_apply_cx22073jw_access_activation_review_package_export.sh	17495
script	/data/data/com.termux/files/home/03.civilization-development/09.CX22073JW/scripts/054_apply_cx22073jw_access_activation_review_package_export.sh.bak_access_normalize	17495
script	/data/data/com.termux/files/home/03.civilization-development/09.CX22073JW/scripts/054_apply_cx22073jw_access_activation_review_package_export.sh.bak_access_patch_03	17495
script	/data/data/com.termux/files/home/03.civilization-development/09.CX22073JW/scripts/054_apply_cx22073jw_access_activation_review_package_export.sh.bak_access_view_patch	17495
script	/data/data/com.termux/files/home/03.civilization-development/09.CX22073JW/scripts/055_verify_cx22073jw_access_activation_review_package_export.sh	2964
script	/data/data/com.termux/files/home/03.civilization-development/09.CX22073JW/scripts/055_verify_cx22073jw_access_activation_review_package_export.sh.bak_access_view_patch	2964
script	/data/data/com.termux/files/home/03.civilization-development/09.CX22073JW/scripts/056_apply_cx22073jw_access_activation_review_decision_registry.sh	14386
script	/data/data/com.termux/files/home/03.civilization-development/09.CX22073JW/scripts/056_apply_cx22073jw_access_activation_review_decision_registry.sh.bak_access_normalize	14386
script	/data/data/com.termux/files/home/03.civilization-development/09.CX22073JW/scripts/056_apply_cx22073jw_access_activation_review_decision_registry.sh.bak_access_patch_03	14386
script	/data/data/com.termux/files/home/03.civilization-development/09.CX22073JW/scripts/056_apply_cx22073jw_access_activation_review_decision_registry.sh.bak_access_view_patch	14386
script	/data/data/com.termux/files/home/03.civilization-development/09.CX22073JW/scripts/057_verify_cx22073jw_access_activation_review_decision_registry.sh	1486
script	/data/data/com.termux/files/home/03.civilization-development/09.CX22073JW/scripts/057_verify_cx22073jw_access_activation_review_decision_registry.sh.bak_access_view_patch	1486
script	/data/data/com.termux/files/home/03.civilization-development/09.CX22073JW/scripts/058_apply_cx22073jw_access_human_review_and_governed_apply_queue.sh	14965
script	/data/data/com.termux/files/home/03.civilization-development/09.CX22073JW/scripts/058_apply_cx22073jw_access_human_review_and_governed_apply_queue.sh.bak_access_normalize	14965
script	/data/data/com.termux/files/home/03.civilization-development/09.CX22073JW/scripts/058_apply_cx22073jw_access_human_review_and_governed_apply_queue.sh.bak_access_patch_03	14965
script	/data/data/com.termux/files/home/03.civilization-development/09.CX22073JW/scripts/058_apply_cx22073jw_access_human_review_and_governed_apply_queue.sh.bak_access_view_patch	14965
script	/data/data/com.termux/files/home/03.civilization-development/09.CX22073JW/scripts/059_verify_cx22073jw_access_human_review_and_governed_apply_queue.sh	1274
script	/data/data/com.termux/files/home/03.civilization-development/09.CX22073JW/scripts/059_verify_cx22073jw_access_human_review_and_governed_apply_queue.sh.bak_access_view_patch	1274
script	/data/data/com.termux/files/home/03.civilization-development/09.CX22073JW/scripts/060_apply_cx22073jw_access_governed_apply_batch_preparation.sh	14834
script	/data/data/com.termux/files/home/03.civilization-development/09.CX22073JW/scripts/060_apply_cx22073jw_access_governed_apply_batch_preparation.sh.bak_access_normalize	14834
script	/data/data/com.termux/files/home/03.civilization-development/09.CX22073JW/scripts/060_apply_cx22073jw_access_governed_apply_batch_preparation.sh.bak_access_patch_03	14834
script	/data/data/com.termux/files/home/03.civilization-development/09.CX22073JW/scripts/060_apply_cx22073jw_access_governed_apply_batch_preparation.sh.bak_access_view_patch	14834
script	/data/data/com.termux/files/home/03.civilization-development/09.CX22073JW/scripts/061_verify_cx22073jw_access_governed_apply_batch_preparation.sh	1105
script	/data/data/com.termux/files/home/03.civilization-development/09.CX22073JW/scripts/061_verify_cx22073jw_access_governed_apply_batch_preparation.sh.bak_access_view_patch	1105
script	/data/data/com.termux/files/home/03.civilization-development/09.CX22073JW/scripts/064_apply_cx22073jw_access_db_role_provisioning.sh	14177
script	/data/data/com.termux/files/home/03.civilization-development/09.CX22073JW/scripts/064_apply_cx22073jw_access_db_role_provisioning.sh.bak_access_normalize	14177
script	/data/data/com.termux/files/home/03.civilization-development/09.CX22073JW/scripts/064_apply_cx22073jw_access_db_role_provisioning.sh.bak_access_patch_03	14177
script	/data/data/com.termux/files/home/03.civilization-development/09.CX22073JW/scripts/064_apply_cx22073jw_access_db_role_provisioning.sh.bak_access_view_patch	14177
script	/data/data/com.termux/files/home/03.civilization-development/09.CX22073JW/scripts/065_verify_cx22073jw_access_db_role_provisioning.sh	940
script	/data/data/com.termux/files/home/03.civilization-development/09.CX22073JW/scripts/065_verify_cx22073jw_access_db_role_provisioning.sh.bak_access_view_patch	940
script	/data/data/com.termux/files/home/03.civilization-development/09.CX22073JW/scripts/066_apply_cx22073jw_access_governed_apply_preflight_rerun_after_role_provisioning.sh	5071
script	/data/data/com.termux/files/home/03.civilization-development/09.CX22073JW/scripts/066_apply_cx22073jw_access_governed_apply_preflight_rerun_after_role_provisioning.sh.bak_access_normalize	5071
script	/data/data/com.termux/files/home/03.civilization-development/09.CX22073JW/scripts/066_apply_cx22073jw_access_governed_apply_preflight_rerun_after_role_provisioning.sh.bak_access_patch_03	5071
script	/data/data/com.termux/files/home/03.civilization-development/09.CX22073JW/scripts/066_apply_cx22073jw_access_governed_apply_preflight_rerun_after_role_provisioning.sh.bak_access_view_patch	5071
script	/data/data/com.termux/files/home/03.civilization-development/09.CX22073JW/scripts/067_verify_cx22073jw_access_governed_apply_preflight_rerun_after_role_provisioning.sh	1388
script	/data/data/com.termux/files/home/03.civilization-development/09.CX22073JW/scripts/067_verify_cx22073jw_access_governed_apply_preflight_rerun_after_role_provisioning.sh.bak_access_view_patch	1388
script	/data/data/com.termux/files/home/03.civilization-development/09.CX22073JW/scripts/068_apply_cx22073jw_access_runtime_ready_promotion_and_preflight_refresh.sh	15514
script	/data/data/com.termux/files/home/03.civilization-development/09.CX22073JW/scripts/068_apply_cx22073jw_access_runtime_ready_promotion_and_preflight_refresh.sh.bak_access_normalize	15514
script	/data/data/com.termux/files/home/03.civilization-development/09.CX22073JW/scripts/068_apply_cx22073jw_access_runtime_ready_promotion_and_preflight_refresh.sh.bak_access_patch_03	15514
script	/data/data/com.termux/files/home/03.civilization-development/09.CX22073JW/scripts/068_apply_cx22073jw_access_runtime_ready_promotion_and_preflight_refresh.sh.bak_access_view_patch	15514
script	/data/data/com.termux/files/home/03.civilization-development/09.CX22073JW/scripts/069_verify_cx22073jw_access_runtime_ready_promotion_and_preflight_refresh.sh	1786
script	/data/data/com.termux/files/home/03.civilization-development/09.CX22073JW/scripts/069_verify_cx22073jw_access_runtime_ready_promotion_and_preflight_refresh.sh.bak_access_view_patch	1786
script	/data/data/com.termux/files/home/03.civilization-development/09.CX22073JW/scripts/070_apply_cx22073jw_access_final_handoff_export.sh	16923
script	/data/data/com.termux/files/home/03.civilization-development/09.CX22073JW/scripts/070_apply_cx22073jw_access_final_handoff_export.sh.bak_access_normalize	16923
script	/data/data/com.termux/files/home/03.civilization-development/09.CX22073JW/scripts/070_apply_cx22073jw_access_final_handoff_export.sh.bak_access_patch_03	16923
script	/data/data/com.termux/files/home/03.civilization-development/09.CX22073JW/scripts/070_apply_cx22073jw_access_final_handoff_export.sh.bak_access_view_patch	16923
script	/data/data/com.termux/files/home/03.civilization-development/09.CX22073JW/scripts/071_verify_cx22073jw_access_final_handoff_export.sh	2811
script	/data/data/com.termux/files/home/03.civilization-development/09.CX22073JW/scripts/071_verify_cx22073jw_access_final_handoff_export.sh.bak_access_view_patch	2811
script	/data/data/com.termux/files/home/03.civilization-development/09.CX22073JW/scripts/072_apply_cx22073jw_access_manual_apply_receipt_and_post_apply_verification.sh	19137
script	/data/data/com.termux/files/home/03.civilization-development/09.CX22073JW/scripts/072_apply_cx22073jw_access_manual_apply_receipt_and_post_apply_verification.sh.bak_access_normalize	19137
script	/data/data/com.termux/files/home/03.civilization-development/09.CX22073JW/scripts/072_apply_cx22073jw_access_manual_apply_receipt_and_post_apply_verification.sh.bak_access_patch_03	19137
script	/data/data/com.termux/files/home/03.civilization-development/09.CX22073JW/scripts/072_apply_cx22073jw_access_manual_apply_receipt_and_post_apply_verification.sh.bak_access_view_patch	19137
script	/data/data/com.termux/files/home/03.civilization-development/09.CX22073JW/scripts/073_verify_cx22073jw_access_manual_apply_receipt_and_post_apply_verification.sh	1310
script	/data/data/com.termux/files/home/03.civilization-development/09.CX22073JW/scripts/073_verify_cx22073jw_access_manual_apply_receipt_and_post_apply_verification.sh.bak_access_view_patch	1310
script	/data/data/com.termux/files/home/03.civilization-development/09.CX22073JW/scripts/074_apply_cx22073jw_access_view_alias_and_ref_patch.sh	5736
script	/data/data/com.termux/files/home/03.civilization-development/09.CX22073JW/scripts/074_apply_cx22073jw_access_view_alias_and_ref_patch.sh.bak_access_view_patch	5736
script	/data/data/com.termux/files/home/03.civilization-development/09.CX22073JW/scripts/075_verify_cx22073jw_access_view_alias_and_ref_patch.sh	1582
script	/data/data/com.termux/files/home/03.civilization-development/09.CX22073JW/scripts/075_verify_cx22073jw_access_view_alias_and_ref_patch.sh.bak_access_view_patch	1582
script	/data/data/com.termux/files/home/03.civilization-development/09.CX22073JW/scripts/076_apply_cx22073jw_access_manual_confirmation_and_confirmed_reverify.sh	13582
script	/data/data/com.termux/files/home/03.civilization-development/09.CX22073JW/scripts/077_verify_cx22073jw_access_manual_confirmation_and_confirmed_reverify.sh	1268
script	/data/data/com.termux/files/home/03.civilization-development/09.CX22073JW/scripts/078_apply_cx22073jw_access_legacy_compat_audit.sh	12919
script	/data/data/com.termux/files/home/03.civilization-development/09.CX22073JW/scripts/079_verify_cx22073jw_access_legacy_compat_audit.sh	483
script	/data/data/com.termux/files/home/03.civilization-development/09.CX22073JW/scripts/080_apply_cx22073jw_access_legacy_cutover_readiness_gate.sh	8441
script	/data/data/com.termux/files/home/03.civilization-development/09.CX22073JW/scripts/081_verify_cx22073jw_access_legacy_cutover_readiness_gate.sh	575
script	/data/data/com.termux/files/home/03.civilization-development/09.CX22073JW/scripts/082_apply_cx22073jw_access_legacy_file_blocker_patch_and_gate_refresh.sh	6279
script	/data/data/com.termux/files/home/03.civilization-development/09.CX22073JW/scripts/083_verify_cx22073jw_access_legacy_file_blocker_patch_and_gate_refresh.sh	615
script	/data/data/com.termux/files/home/03.civilization-development/09.CX22073JW/scripts/084_apply_cx22073jw_access_legacy_db_blocker_patch_and_gate_refresh.sh	17589
script	/data/data/com.termux/files/home/03.civilization-development/09.CX22073JW/scripts/085_verify_cx22073jw_access_legacy_db_blocker_patch_and_gate_refresh.sh	628
script	/data/data/com.termux/files/home/03.civilization-development/09.CX22073JW/scripts/086_apply_cx22073jw_access_legacy_retirement_plan_export.sh	13584
script	/data/data/com.termux/files/home/03.civilization-development/09.CX22073JW/scripts/087_verify_cx22073jw_access_legacy_retirement_plan_export.sh	563
script	/data/data/com.termux/files/home/03.civilization-development/09.CX22073JW/scripts/088_apply_cx22073jw_access_baseline_health_gate.sh	18210
script	/data/data/com.termux/files/home/03.civilization-development/09.CX22073JW/scripts/088_apply_cx22073jw_access_baseline_health_gate.sh.bak_20260423_071256	18073
script	/data/data/com.termux/files/home/03.civilization-development/09.CX22073JW/scripts/088_apply_cx22073jw_access_baseline_health_gate.sh.bak_20260423_073313	0
script	/data/data/com.termux/files/home/03.civilization-development/09.CX22073JW/scripts/088_apply_cx22073jw_access_baseline_health_gate.sh.bak_20260423_075355	18073
script	/data/data/com.termux/files/home/03.civilization-development/09.CX22073JW/scripts/088_apply_cx22073jw_access_baseline_health_gate.sh.bak_20260423_110433	18189
script	/data/data/com.termux/files/home/03.civilization-development/09.CX22073JW/scripts/088_apply_cx22073jw_access_baseline_health_gate.sh.bak_20260423_111222	18218
script	/data/data/com.termux/files/home/03.civilization-development/09.CX22073JW/scripts/088_apply_cx22073jw_access_baseline_health_gate.sh.bak_20260423_135616	0
script	/data/data/com.termux/files/home/03.civilization-development/09.CX22073JW/scripts/088_apply_cx22073jw_access_baseline_health_gate.sh.bak_20260423_135732	0
script	/data/data/com.termux/files/home/03.civilization-development/09.CX22073JW/scripts/088_apply_cx22073jw_access_baseline_health_gate.sh.bak_20260423_171907	18218
script	/data/data/com.termux/files/home/03.civilization-development/09.CX22073JW/scripts/088_apply_cx22073jw_access_baseline_health_gate.sh.bak_manual_20260423_111730	0
script	/data/data/com.termux/files/home/03.civilization-development/09.CX22073JW/scripts/088_apply_cx22073jw_access_baseline_health_gate.sh.bak_narrow_20260423_114020	18218
script	/data/data/com.termux/files/home/03.civilization-development/09.CX22073JW/scripts/088_apply_cx22073jw_access_baseline_health_gate.sh.empty_20260423_113410	0
script	/data/data/com.termux/files/home/03.civilization-development/09.CX22073JW/scripts/088_apply_cx22073jw_access_baseline_health_gate.sh.empty_20260423_113727	18218
script	/data/data/com.termux/files/home/03.civilization-development/09.CX22073JW/scripts/089_verify_cx22073jw_access_baseline_health_gate.sh	628
script	/data/data/com.termux/files/home/03.civilization-development/09.CX22073JW/scripts/090_apply_cx22073jw_access_current_state_bundle_export.sh	17238
script	/data/data/com.termux/files/home/03.civilization-development/09.CX22073JW/scripts/091_verify_cx22073jw_access_current_state_bundle_export.sh	430
script	/data/data/com.termux/files/home/03.civilization-development/09.CX22073JW/scripts/092_apply_cx22073jw_access_recursive_view_fix_and_bundle_rerun.sh	10035
script	/data/data/com.termux/files/home/03.civilization-development/09.CX22073JW/scripts/093_verify_cx22073jw_access_recursive_view_fix_and_bundle_rerun.sh	763
script	/data/data/com.termux/files/home/03.civilization-development/09.CX22073JW/scripts/094_apply_cx22073jw_access_operator_command_pack.sh	8635
script	/data/data/com.termux/files/home/03.civilization-development/09.CX22073JW/scripts/095_verify_cx22073jw_access_operator_command_pack.sh	986
script	/data/data/com.termux/files/home/03.civilization-development/09.CX22073JW/scripts/096_apply_cx22073jw_access_daily_runner_pack.sh	4469
script	/data/data/com.termux/files/home/03.civilization-development/09.CX22073JW/scripts/097_verify_cx22073jw_access_daily_runner_pack.sh	866
script	/data/data/com.termux/files/home/03.civilization-development/09.CX22073JW/scripts/098_apply_cx22073jw_access_blocker_report_pack.sh	8664
script	/data/data/com.termux/files/home/03.civilization-development/09.CX22073JW/scripts/099_verify_cx22073jw_access_blocker_report_pack.sh	1069
script	/data/data/com.termux/files/home/03.civilization-development/09.CX22073JW/scripts/100_apply_cx22073jw_access_launcher_and_doctor_pack.sh	9354
script	/data/data/com.termux/files/home/03.civilization-development/09.CX22073JW/scripts/101_verify_cx22073jw_access_launcher_and_doctor_pack.sh	841
script	/data/data/com.termux/files/home/03.civilization-development/09.CX22073JW/scripts/102_apply_cx22073jw_access_incident_pack.sh	8675
script	/data/data/com.termux/files/home/03.civilization-development/09.CX22073JW/scripts/103_verify_cx22073jw_access_incident_pack.sh	1081
script	/data/data/com.termux/files/home/03.civilization-development/09.CX22073JW/scripts/104_apply_cx22073jw_access_history_timeline_pack.sh	9593
script	/data/data/com.termux/files/home/03.civilization-development/09.CX22073JW/scripts/105_verify_cx22073jw_access_history_timeline_pack.sh	1064
script	/data/data/com.termux/files/home/03.civilization-development/09.CX22073JW/scripts/106_apply_cx22073jw_access_latest_link_pack.sh	5894
script	/data/data/com.termux/files/home/03.civilization-development/09.CX22073JW/scripts/107_verify_cx22073jw_access_latest_link_pack.sh	1343
script	/data/data/com.termux/files/home/03.civilization-development/09.CX22073JW/scripts/108_apply_cx22073jw_access_batch_operation_pack.sh	7514
script	/data/data/com.termux/files/home/03.civilization-development/09.CX22073JW/scripts/109_verify_cx22073jw_access_batch_operation_pack.sh	933
script	/data/data/com.termux/files/home/03.civilization-development/09.CX22073JW/scripts/110_apply_cx22073jw_access_trace_pack.sh	8681
script	/data/data/com.termux/files/home/03.civilization-development/09.CX22073JW/scripts/111_verify_cx22073jw_access_trace_pack.sh	1887
script	/data/data/com.termux/files/home/03.civilization-development/09.CX22073JW/scripts/112_apply_cx22073jw_access_trace_bundle_pack.sh	12442
script	/data/data/com.termux/files/home/03.civilization-development/09.CX22073JW/scripts/113_verify_cx22073jw_access_trace_bundle_pack.sh	1977
script	/data/data/com.termux/files/home/03.civilization-development/09.CX22073JW/scripts/114_apply_cx22073jw_access_catalog_search_pack.sh	6539
script	/data/data/com.termux/files/home/03.civilization-development/09.CX22073JW/scripts/115_verify_cx22073jw_access_catalog_search_pack.sh	1049
script	/data/data/com.termux/files/home/03.civilization-development/09.CX22073JW/scripts/116_apply_cx22073jw_access_workflow_preset_pack.sh	6031
script	/data/data/com.termux/files/home/03.civilization-development/09.CX22073JW/scripts/117_verify_cx22073jw_access_workflow_preset_pack.sh	1569
script	/data/data/com.termux/files/home/03.civilization-development/09.CX22073JW/scripts/118_apply_cx22073jw_access_delta_compare_pack.sh	13982
script	/data/data/com.termux/files/home/03.civilization-development/09.CX22073JW/scripts/119_verify_cx22073jw_access_delta_compare_pack.sh	1085
script	/data/data/com.termux/files/home/03.civilization-development/09.CX22073JW/scripts/120_apply_cx22073jw_access_checkpoint_inventory_pack.sh	8034
script	/data/data/com.termux/files/home/03.civilization-development/09.CX22073JW/scripts/121_verify_cx22073jw_access_checkpoint_inventory_pack.sh	1089
script	/data/data/com.termux/files/home/03.civilization-development/09.CX22073JW/scripts/122_apply_cx22073jw_access_checkpoint_compare_pack.sh	9642
script	/data/data/com.termux/files/home/03.civilization-development/09.CX22073JW/scripts/123_verify_cx22073jw_access_checkpoint_compare_pack.sh	1125
script	/data/data/com.termux/files/home/03.civilization-development/09.CX22073JW/scripts/124_apply_cx22073jw_access_regression_smoke_pack.sh	8716
script	/data/data/com.termux/files/home/03.civilization-development/09.CX22073JW/scripts/125_verify_cx22073jw_access_regression_smoke_pack.sh	1082
script	/data/data/com.termux/files/home/03.civilization-development/09.CX22073JW/scripts/126_apply_cx22073jw_access_master_flow_bundle_pack.sh	7772
script	/data/data/com.termux/files/home/03.civilization-development/09.CX22073JW/scripts/127_verify_cx22073jw_access_master_flow_bundle_pack.sh	881
script	/data/data/com.termux/files/home/03.civilization-development/09.CX22073JW/scripts/128_apply_cx22073jw_access_dashboard_onboarding_maintenance_pack.sh	14041
script	/data/data/com.termux/files/home/03.civilization-development/09.CX22073JW/scripts/129_verify_cx22073jw_access_dashboard_onboarding_maintenance_pack.sh	1589
script	/data/data/com.termux/files/home/03.civilization-development/09.CX22073JW/scripts/130_apply_cx22073jw_access_storage_cleanup_pack.sh	13136
script	/data/data/com.termux/files/home/03.civilization-development/09.CX22073JW/scripts/131_verify_cx22073jw_access_storage_cleanup_pack.sh	1590
script	/data/data/com.termux/files/home/03.civilization-development/09.CX22073JW/scripts/132_apply_cx22073jw_access_finalization_pack.sh	10064
script	/data/data/com.termux/files/home/03.civilization-development/09.CX22073JW/scripts/133_verify_cx22073jw_access_finalization_pack.sh	1101
script	/data/data/com.termux/files/home/03.civilization-development/09.CX22073JW/scripts/134_apply_cx22073jw_access_manifest_handbook_archive_pack.sh	15591
script	/data/data/com.termux/files/home/03.civilization-development/09.CX22073JW/scripts/135_verify_cx22073jw_access_manifest_handbook_archive_pack.sh	1696
script	/data/data/com.termux/files/home/03.civilization-development/09.CX22073JW/scripts/136_apply_cx22073jw_access_closeout_pack.sh	12563
script	/data/data/com.termux/files/home/03.civilization-development/09.CX22073JW/scripts/137_verify_cx22073jw_access_closeout_pack.sh	1314
script	/data/data/com.termux/files/home/03.civilization-development/09.CX22073JW/scripts/138_apply_cx22073jw_access_completion_finishline_pack.sh	11903
script	/data/data/com.termux/files/home/03.civilization-development/09.CX22073JW/scripts/139_verify_cx22073jw_access_completion_finishline_pack.sh	1729
