tool	/data/data/com.termux/files/home/03.civilization-development/09.CX22073JW/tools/README_ACCESS_COMMANDS.md	4908
tool	/data/data/com.termux/files/home/03.civilization-development/09.CX22073JW/tools/access_archive_old_artifacts_move.sh	2949
tool	/data/data/com.termux/files/home/03.civilization-development/09.CX22073JW/tools/access_archive_old_artifacts_preview.sh	1969
tool	/data/data/com.termux/files/home/03.civilization-development/09.CX22073JW/tools/access_bulk_apply_cycle.sh	1444
tool	/data/data/com.termux/files/home/03.civilization-development/09.CX22073JW/tools/access_bulk_confirm_all_pending.sh	2944
tool	/data/data/com.termux/files/home/03.civilization-development/09.CX22073JW/tools/access_catalog.sh	2974
tool	/data/data/com.termux/files/home/03.civilization-development/09.CX22073JW/tools/access_cleanup_empty_dirs.sh	1689
tool	/data/data/com.termux/files/home/03.civilization-development/09.CX22073JW/tools/access_cleanup_preview.sh	1340
tool	/data/data/com.termux/files/home/03.civilization-development/09.CX22073JW/tools/access_collect_incident_bundle.sh	5388
tool	/data/data/com.termux/files/home/03.civilization-development/09.CX22073JW/tools/access_compare_checkpoints.sh	2777
tool	/data/data/com.termux/files/home/03.civilization-development/09.CX22073JW/tools/access_compare_latest_runs.sh	5519
tool	/data/data/com.termux/files/home/03.civilization-development/09.CX22073JW/tools/access_confirm_request.sh	1782
tool	/data/data/com.termux/files/home/03.civilization-development/09.CX22073JW/tools/access_daily_refresh.sh	1562
tool	/data/data/com.termux/files/home/03.civilization-development/09.CX22073JW/tools/access_dashboard.sh	3431
tool	/data/data/com.termux/files/home/03.civilization-development/09.CX22073JW/tools/access_doctor.sh	5144
tool	/data/data/com.termux/files/home/03.civilization-development/09.CX22073JW/tools/access_export_current_bundle.sh	823
tool	/data/data/com.termux/files/home/03.civilization-development/09.CX22073JW/tools/access_find_keyword.sh	2097
tool	/data/data/com.termux/files/home/03.civilization-development/09.CX22073JW/tools/access_history.sh	3060
tool	/data/data/com.termux/files/home/03.civilization-development/09.CX22073JW/tools/access_latest_artifacts.sh	1904
tool	/data/data/com.termux/files/home/03.civilization-development/09.CX22073JW/tools/access_legacy_readiness.sh	1154
tool	/data/data/com.termux/files/home/03.civilization-development/09.CX22073JW/tools/access_list_checkpoints.sh	1004
tool	/data/data/com.termux/files/home/03.civilization-development/09.CX22073JW/tools/access_list_pending_requests.sh	1234
tool	/data/data/com.termux/files/home/03.civilization-development/09.CX22073JW/tools/access_make_checkpoint.sh	5578
tool	/data/data/com.termux/files/home/03.civilization-development/09.CX22073JW/tools/access_make_checkpoint_diff_report.sh	5148
tool	/data/data/com.termux/files/home/03.civilization-development/09.CX22073JW/tools/access_make_closeout_bundle.sh	5447
tool	/data/data/com.termux/files/home/03.civilization-development/09.CX22073JW/tools/access_make_command_matrix.sh	4123
tool	/data/data/com.termux/files/home/03.civilization-development/09.CX22073JW/tools/access_make_delta_report.sh	6998
tool	/data/data/com.termux/files/home/03.civilization-development/09.CX22073JW/tools/access_make_final_handoff_bundle.sh	6196
tool	/data/data/com.termux/files/home/03.civilization-development/09.CX22073JW/tools/access_make_logical_view_trace_bundle.sh	5267
tool	/data/data/com.termux/files/home/03.civilization-development/09.CX22073JW/tools/access_make_master_bundle.sh	4879
tool	/data/data/com.termux/files/home/03.civilization-development/09.CX22073JW/tools/access_make_operator_handbook.sh	2953
tool	/data/data/com.termux/files/home/03.civilization-development/09.CX22073JW/tools/access_make_regression_bundle.sh	4665
tool	/data/data/com.termux/files/home/03.civilization-development/09.CX22073JW/tools/access_make_request_trace_bundle.sh	5572
tool	/data/data/com.termux/files/home/03.civilization-development/09.CX22073JW/tools/access_make_shift_report.sh	3765
tool	/data/data/com.termux/files/home/03.civilization-development/09.CX22073JW/tools/access_make_storage_report.sh	3266
tool	/data/data/com.termux/files/home/03.civilization-development/09.CX22073JW/tools/access_make_timeline_report.sh	5226
tool	/data/data/com.termux/files/home/03.civilization-development/09.CX22073JW/tools/access_make_workspace_manifest.sh	5387
tool	/data/data/com.termux/files/home/03.civilization-development/09.CX22073JW/tools/access_menu.sh	2993
tool	/data/data/com.termux/files/home/03.civilization-development/09.CX22073JW/tools/access_open_blockers.sh	3576
tool	/data/data/com.termux/files/home/03.civilization-development/09.CX22073JW/tools/access_quickstart.sh	1690
tool	/data/data/com.termux/files/home/03.civilization-development/09.CX22073JW/tools/access_refresh_latest_links.sh	3500
tool	/data/data/com.termux/files/home/03.civilization-development/09.CX22073JW/tools/access_release_readiness.sh	2356
tool	/data/data/com.termux/files/home/03.civilization-development/09.CX22073JW/tools/access_reverify_confirmed.sh	1563
tool	/data/data/com.termux/files/home/03.civilization-development/09.CX22073JW/tools/access_run_closeout_flow.sh	1947
tool	/data/data/com.termux/files/home/03.civilization-development/09.CX22073JW/tools/access_run_handoff_flow.sh	1483
tool	/data/data/com.termux/files/home/03.civilization-development/09.CX22073JW/tools/access_run_master_flow.sh	1459
tool	/data/data/com.termux/files/home/03.civilization-development/09.CX22073JW/tools/access_run_request_investigation_flow.sh	1469
tool	/data/data/com.termux/files/home/03.civilization-development/09.CX22073JW/tools/access_run_review_flow.sh	1237
tool	/data/data/com.termux/files/home/03.civilization-development/09.CX22073JW/tools/access_show_end_state.sh	3424
tool	/data/data/com.termux/files/home/03.civilization-development/09.CX22073JW/tools/access_show_latest_batch.sh	781
tool	/data/data/com.termux/files/home/03.civilization-development/09.CX22073JW/tools/access_show_latest_links.sh	935
tool	/data/data/com.termux/files/home/03.civilization-development/09.CX22073JW/tools/access_smoke_suite.sh	2603
tool	/data/data/com.termux/files/home/03.civilization-development/09.CX22073JW/tools/access_status.sh	1994
tool	/data/data/com.termux/files/home/03.civilization-development/09.CX22073JW/tools/access_trace_logical_view.sh	3523
tool	/data/data/com.termux/files/home/03.civilization-development/09.CX22073JW/tools/access_trace_request.sh	3804
tool	/data/data/com.termux/files/home/03.civilization-development/09.CX22073JW/tools/access_validate_workspace.sh	2849
tool	/data/data/com.termux/files/home/03.civilization-development/09.CX22073JW/tools/access_workspace_stats.sh	4844
